<?xml version="1.0"?>
<data grt_format="2.0">
  <value _ptr_="0000021C67D996A0" type="list" content-type="object" content-struct-name="db.mgmt.Connection">
    <value type="object" struct-name="db.mgmt.Connection" id="{0A2A50B1-D144-46E7-96F8-6A706E4D4549}" struct-checksum="0x96ba47d8">
      <link type="object" struct-name="db.mgmt.Driver" key="driver">com.mysql.rdbms.mysql.driver.native</link>
      <value type="string" key="hostIdentifier">Mysql@localhost:3001</value>
      <value type="int" key="isDefault">1</value>
      <value _ptr_="0000021C6823ABE0" type="dict" key="modules"/>
      <value _ptr_="0000021C68239980" type="dict" key="parameterValues">
        <value type="string" key="DbSqlEditor:LastDefaultSchema">parks_and_recreation</value>
        <value type="string" key="SQL_MODE"></value>
        <value type="string" key="hostName">localhost</value>
        <value type="int" key="lastConnected">1717922476</value>
        <value type="string" key="password"></value>
        <value type="int" key="port">3001</value>
        <value type="string" key="schema"></value>
        <value type="string" key="serverVersion">8.0.37</value>
        <value type="string" key="sslCA"></value>
        <value type="string" key="sslCert"></value>
        <value type="string" key="sslCipher"></value>
        <value type="string" key="sslKey"></value>
        <value type="int" key="useSSL">1</value>
        <value type="string" key="userName">root</value>
      </value>
      <value type="string" key="name">Local instance MySQL80</value>
      <link type="object" struct-name="GrtObject" key="owner">{58DB7966-BAB0-4A87-A41D-C4E8F930E5C4}</link>
    </value>
  </value>
</data>
